name,email,feedback,rating,date
Asha,asha@example.com,Great mentoring support,5,2026-07-01
Ravi,ravi@example.com,Needs faster responses,3,2026-07-01
Meena,meena@example.com,Very helpful onboarding session,5,2026-07-02
Karthik,karthik@example.com,Documentation could be clearer,3,2026-07-02
Divya,divya@example.com,Loved the hands-on labs,5,2026-07-03
Suresh,suresh@example.com,Average experience overall,3,2026-07-03
Priya,priya@example.com,Excellent trainer engagement,5,2026-07-04
Arjun,arjun@example.com,Slow reply on the support ticket,2,2026-07-04
Lakshmi,lakshmi@example.com,Well structured curriculum,4,2026-07-05
Vikram,vikram@example.com,Good pace but too much content,4,2026-07-05
Sneha,sneha@example.com,Great real-world examples,5,2026-07-06
Rahul,rahul@example.com,Confusing setup instructions,2,2026-07-06
Anjali,anjali@example.com,Very supportive mentors,5,2026-07-07
Manoj,manoj@example.com,Session ran a bit long,3,2026-07-07
Kavya,kavya@example.com,Loved the project-based approach,5,2026-07-08
Deepak,deepak@example.com,Would like more Q&A time,4,2026-07-08
Nisha,nisha@example.com,Clear explanations throughout,5,2026-07-09
Rohit,rohit@example.com,Tools setup took too long,3,2026-07-09
Pooja,pooja@example.com,Great use of real projects,5,2026-07-10
Sanjay,sanjay@example.com,Needs better time management,3,2026-07-10
